Email,UC
a200000@alunos.uminho.pt,Desenvolvimento de Sistemas de Software
a200001@alunos.uminho.pt,Programação Orientada a Objetos
a200002@alunos.uminho.pt,Desenvolvimento de Sistemas de Software
a200003@alunos.uminho.pt,Desenvolvimento de Sistemas de Software
a200004@alunos.uminho.pt,Programação Orientada a Objetos
a200005@alunos.uminho.pt,Desenvolvimento de Sistemas de Software
a200006@alunos.uminho.pt,Programação Orientada a Objetos
a200007@alunos.uminho.pt,Desenvolvimento de Sistemas de Software
a200008@alunos.uminho.pt,Desenvolvimento de Sistemas de Software
a200009@alunos.uminho.pt,Programação Orientada a Objetos
a200010@alunos.uminho.pt,Desenvolvimento de Sistemas de Software
a200011@alunos.uminho.pt,Desenvolvimento de Sistemas de Software
a200012@alunos.uminho.pt,Desenvolvimento de Sistemas de Software
a200013@alunos.uminho.pt,Programação Orientada a Objetos
a200014@alunos.uminho.pt,Desenvolvimento de Sistemas de Software
a200015@alunos.uminho.pt,Desenvolvimento de Sistemas de Software
a200016@alunos.uminho.pt,Programação Orientada a Objetos
a200017@alunos.uminho.pt,Desenvolvimento de Sistemas de Software
a200018@alunos.uminho.pt,Desenvolvimento de Sistemas de Software
a200019@alunos.uminho.pt,Desenvolvimento de Sistemas de Software
a200020@alunos.uminho.pt,Desenvolvimento de Sistemas de Software
a200021@alunos.uminho.pt,Programação Orientada a Objetos
a200022@alunos.uminho.pt,Desenvolvimento de Sistemas de Software
a200023@alunos.uminho.pt,Desenvolvimento de Sistemas de Software
a200024@alunos.uminho.pt,Programação Orientada a Objetos
a200025@alunos.uminho.pt,Desenvolvimento de Sistemas de Software
a200026@alunos.uminho.pt,Programação Orientada a Objetos
a200027@alunos.uminho.pt,Desenvolvimento de Sistemas de Software
a200028@alunos.uminho.pt,Desenvolvimento de Sistemas de Software
a200029@alunos.uminho.pt,Programação Orientada a Objetos
a200030@alunos.uminho.pt,Desenvolvimento de Sistemas de Software
a200031@alunos.uminho.pt,Desenvolvimento de Sistemas de Software
a200032@alunos.uminho.pt,Programação Orientada a Objetos
a200033@alunos.uminho.pt,Desenvolvimento de Sistemas de Software
a200034@alunos.uminho.pt,Desenvolvimento de Sistemas de Software
a200035@alunos.uminho.pt,Programação Orientada a Objetos
a200036@alunos.uminho.pt,Desenvolvimento de Sistemas de Software
a200037@alunos.uminho.pt,Programação Orientada a Objetos
a200038@alunos.uminho.pt,Desenvolvimento de Sistemas de Software
a200039@alunos.uminho.pt,Programação Orientada a Objetos
a200040@alunos.uminho.pt,Desenvolvimento de Sistemas de Software
a200041@alunos.uminho.pt,Programação Orientada a Objetos
a200042@alunos.uminho.pt,Desenvolvimento de Sistemas de Software
a200043@alunos.uminho.pt,Programação Orientada a Objetos
a200044@alunos.uminho.pt,Desenvolvimento de Sistemas de Software
a200045@alunos.uminho.pt,Desenvolvimento de Sistemas de Software
a200046@alunos.uminho.pt,Programação Orientada a Objetos
a200047@alunos.uminho.pt,Programação Orientada a Objetos
a200048@alunos.uminho.pt,Desenvolvimento de Sistemas de Software
a200049@alunos.uminho.pt,Desenvolvimento de Sistemas de Software
a200050@alunos.uminho.pt,Programação Orientada a Objetos
a200051@alunos.uminho.pt,Desenvolvimento de Sistemas de Software
a200051@alunos.uminho.pt,Programação Orientada a Objetos
a200051@alunos.uminho.pt,Cálculo de Programas
a200052@alunos.uminho.pt,Programação Orientada a Objetos
a200052@alunos.uminho.pt,Desenvolvimento de Sistemas de Software
a200052@alunos.uminho.pt,Base de Dados
a200053@alunos.uminho.pt,Desenvolvimento de Sistemas de Software
a200053@alunos.uminho.pt,Programação Orientada a Objetos
a200053@alunos.uminho.pt,Programação Funcional
a200054@alunos.uminho.pt,Programação Orientada a Objetos
a200054@alunos.uminho.pt,Desenvolvimento de Sistemas de Software
a200054@alunos.uminho.pt,Cálculo de Programas
a200055@alunos.uminho.pt,Desenvolvimento de Sistemas de Software
a200055@alunos.uminho.pt,Programação Orientada a Objetos
a200055@alunos.uminho.pt,Base de Dados
a200056@alunos.uminho.pt,Programação Orientada a Objetos
a200056@alunos.uminho.pt,Desenvolvimento de Sistemas de Software
a200056@alunos.uminho.pt,Programação Funcional
a200057@alunos.uminho.pt,Desenvolvimento de Sistemas de Software
a200057@alunos.uminho.pt,Programação Orientada a Objetos
a200057@alunos.uminho.pt,Cálculo de Programas
a200058@alunos.uminho.pt,Programação Orientada a Objetos
a200058@alunos.uminho.pt,Desenvolvimento de Sistemas de Software
a200058@alunos.uminho.pt,Base de Dados
a200059@alunos.uminho.pt,Desenvolvimento de Sistemas de Software
a200059@alunos.uminho.pt,Programação Orientada a Objetos
a200059@alunos.uminho.pt,Programação Funcional
a200060@alunos.uminho.pt,Programação Orientada a Objetos
a200060@alunos.uminho.pt,Desenvolvimento de Sistemas de Software
a200060@alunos.uminho.pt,Cálculo de Programas
a200061@alunos.uminho.pt,Desenvolvimento de Sistemas de Software
a200061@alunos.uminho.pt,Programação Orientada a Objetos
a200061@alunos.uminho.pt,Base de Dados
a200062@alunos.uminho.pt,Programação Orientada a Objetos
a200062@alunos.uminho.pt,Desenvolvimento de Sistemas de Software
a200062@alunos.uminho.pt,Programação Funcional
a200063@alunos.uminho.pt,Desenvolvimento de Sistemas de Software
a200063@alunos.uminho.pt,Programação Orientada a Objetos
a200063@alunos.uminho.pt,Cálculo de Programas
a200064@alunos.uminho.pt,Programação Orientada a Objetos
a200064@alunos.uminho.pt,Desenvolvimento de Sistemas de Software
a200064@alunos.uminho.pt,Base de Dados
a200065@alunos.uminho.pt,Desenvolvimento de Sistemas de Software
a200065@alunos.uminho.pt,Programação Orientada a Objetos
a200065@alunos.uminho.pt,Programação Funcional
a200066@alunos.uminho.pt,Programação Orientada a Objetos
a200066@alunos.uminho.pt,Desenvolvimento de Sistemas de Software
a200066@alunos.uminho.pt,Cálculo de Programas
a200067@alunos.uminho.pt,Desenvolvimento de Sistemas de Software
a200067@alunos.uminho.pt,Programação Orientada a Objetos
a200067@alunos.uminho.pt,Base de Dados
a200068@alunos.uminho.pt,Programação Orientada a Objetos
a200068@alunos.uminho.pt,Desenvolvimento de Sistemas de Software
a200068@alunos.uminho.pt,Programação Funcional
a200069@alunos.uminho.pt,Desenvolvimento de Sistemas de Software
a200069@alunos.uminho.pt,Programação Orientada a Objetos
a200069@alunos.uminho.pt,Cálculo de Programas
a200070@alunos.uminho.pt,Programação Orientada a Objetos
a200070@alunos.uminho.pt,Desenvolvimento de Sistemas de Software
a200070@alunos.uminho.pt,Base de Dados
a200071@alunos.uminho.pt,Desenvolvimento de Sistemas de Software
a200071@alunos.uminho.pt,Programação Orientada a Objetos
a200071@alunos.uminho.pt,Programação Funcional
a200072@alunos.uminho.pt,Programação Orientada a Objetos
a200072@alunos.uminho.pt,Desenvolvimento de Sistemas de Software
a200072@alunos.uminho.pt,Cálculo de Programas
a200073@alunos.uminho.pt,Desenvolvimento de Sistemas de Software
a200073@alunos.uminho.pt,Programação Orientada a Objetos
a200073@alunos.uminho.pt,Base de Dados
a200074@alunos.uminho.pt,Programação Orientada a Objetos
a200074@alunos.uminho.pt,Desenvolvimento de Sistemas de Software
a200074@alunos.uminho.pt,Programação Funcional
a200075@alunos.uminho.pt,Desenvolvimento de Sistemas de Software
a200075@alunos.uminho.pt,Programação Orientada a Objetos
a200075@alunos.uminho.pt,Cálculo de Programas
a200076@alunos.uminho.pt,Programação Orientada a Objetos
a200076@alunos.uminho.pt,Desenvolvimento de Sistemas de Software
a200076@alunos.uminho.pt,Base de Dados
a200077@alunos.uminho.pt,Desenvolvimento de Sistemas de Software
a200077@alunos.uminho.pt,Programação Orientada a Objetos
a200077@alunos.uminho.pt,Programação Funcional
a200078@alunos.uminho.pt,Programação Orientada a Objetos
a200078@alunos.uminho.pt,Desenvolvimento de Sistemas de Software
a200078@alunos.uminho.pt,Cálculo de Programas
a200079@alunos.uminho.pt,Desenvolvimento de Sistemas de Software
a200079@alunos.uminho.pt,Programação Orientada a Objetos
a200079@alunos.uminho.pt,Base de Dados
a200080@alunos.uminho.pt,Programação Orientada a Objetos
a200080@alunos.uminho.pt,Desenvolvimento de Sistemas de Software
a200080@alunos.uminho.pt,Programação Funcional
a200081@alunos.uminho.pt,Programação Funcional
a200082@alunos.uminho.pt,Programação Imperativa
a200083@alunos.uminho.pt,Base de Dados
a200084@alunos.uminho.pt,Cálculo de Programas
a200085@alunos.uminho.pt,Programação Funcional
a200086@alunos.uminho.pt,Programação Imperativa
a200087@alunos.uminho.pt,Base de Dados
a200088@alunos.uminho.pt,Cálculo de Programas
a200089@alunos.uminho.pt,Programação Funcional
a200090@alunos.uminho.pt,Programação Imperativa
a200091@alunos.uminho.pt,Base de Dados
a200092@alunos.uminho.pt,Cálculo de Programas
a200093@alunos.uminho.pt,Programação Funcional
a200094@alunos.uminho.pt,Programação Imperativa
a200095@alunos.uminho.pt,Base de Dados
a200096@alunos.uminho.pt,Cálculo de Programas
a200097@alunos.uminho.pt,Programação Funcional
a200098@alunos.uminho.pt,Programação Imperativa
a200099@alunos.uminho.pt,Base de Dados
a200100@alunos.uminho.pt,Cálculo de Programas
a200101@alunos.uminho.pt,Programação Funcional
a200102@alunos.uminho.pt,Programação Imperativa
a200103@alunos.uminho.pt,Base de Dados
a200104@alunos.uminho.pt,Cálculo de Programas
a200105@alunos.uminho.pt,Programação Funcional
a200106@alunos.uminho.pt,Programação Imperativa
a200107@alunos.uminho.pt,Base de Dados
a200108@alunos.uminho.pt,Cálculo de Programas
a200109@alunos.uminho.pt,Programação Funcional
a200110@alunos.uminho.pt,Programação Imperativa
a200111@alunos.uminho.pt,Base de Dados
a200112@alunos.uminho.pt,Cálculo de Programas
a200113@alunos.uminho.pt,Programação Funcional
a200114@alunos.uminho.pt,Programação Imperativa
a200115@alunos.uminho.pt,Base de Dados
a200116@alunos.uminho.pt,Cálculo de Programas
a200117@alunos.uminho.pt,Programação Funcional
